https://github.com/clickvisual/clickvisual,PHP,1029,33421,18
https://github.com/kubevirt/kubevirt,PHP,3830,264930,24
https://github.com/argoproj/argo-events,PHP,1826,150947,2
https://github.com/polarismesh/polaris,PHP,1866,49338,54
https://github.com/meshery/meshery,PHP,1677,281480,32
https://github.com/k1LoW/tbls,PHP,1825,119409,7
https://github.com/lyft/clutch,PHP,1428,26997,7
https://github.com/fleetdm/fleet,PHP,1044,327972,77
https://github.com/pomerium/pomerium,PHP,3404,62588,8
https://github.com/amir20/dozzle,PHP,2121,121733,0
https://github.com/devtron-labs/devtron,PHP,2900,215233,19
